"Secção","Divisão","Grupo","Classe","Subclasse","Designação"
"A",,,,,"Agricultura, floresta e pesca."
,1,,,,"Agricultura, produção animal, caça e atividades dos serviços relacionados."
,,11,,,"Culturas temporárias."
,,,111,,"Cultura de cereais (exceto arroz), leguminosas e sementes oleaginosas."
,,,,1111,"Cerealicultura (exceto arroz)."
,,,,1112,"Cultura de leguminosas secas e sementes oleaginosas."
,,,112,1120,"Cultura de arroz."
,,,113,1130,"Cultura de produtos hortícolas e melões, raízes e tubérculos."
,,,114,1140,"Cultura de cana-de-açúcar."
,,,115,1150,"Cultura de tabaco."
,,,116,1160,"Cultura de plantas têxteis."
,,,119,,"Outras culturas temporárias."
,,,,1191,"Cultura de flores e de plantas ornamentais."
,,,,1192,"Outras culturas temporárias, n. e."
,,12,,,"Culturas permanentes"
,,,121,1210,"Viticultura."
,,,122,1220,"Cultura de frutos tropicais e subtropicais."
,,,123,1230,"Cultura de citrinos."
,,,124,1240,"Cultura de pomóideas e prunóideas."
,,,125,,"Cultura de outros frutos (incluindo casca rija) em árvores e arbustos."
,,,,1251,"Cultura de frutos de casca rija."
,,,,1252,"Cultura de outros frutos em árvores e arbustos."
,,,126,,"Cultura de frutos oleaginosos."
,,,,1261,"Olivicultura."
,,,,1262,"Cultura de outros frutos oleaginosos."
,,,127,1270,"Cultura de plantas destinadas à preparação de bebidas."
,,,128,1280,"Cultura de especiarias, plantas aromáticas, medicinais e farmacêuticas."
,,,129,1290,"Outras culturas permanentes."
,,13,130,1300,"Propagação de plantas."
,,14,,,"Produção animal."
,,,141,1410,"Criação de bovinos para produção de leite."
,,,142,1420,"Criação de outros bovinos e búfalos."
,,,143,1430,"Criação de cavalos e outros equídeos."
,,,144,1440,"Criação de camelos e camelídeos."
,,,145,1450,"Criação de ovinos e caprinos."
,,,146,1460,"Suinicultura."
,,,147,1470,"Avicultura."
,,,148,,"Outra produção animal."
,,,,1481,"Apicultura."
,,,,1482,"Cunicultura."
,,,,1483,"Criação de animais de companhia."
,,,,1484,"Criação de insetos para alimentação."
,,,,1485,"Outra produção animal, n. e."
,,15,150,1500,"Produções agrícola e animal combinadas."
,,16,,,"Atividades de apoio à agricultura e à produção animal, e atividades pós-colheita."
,,,161,1610,"Atividades de apoio à agricultura."
,,,162,1620,"Atividades de apoio à produção animal."
,,,163,,"Atividades pós-colheita e tratamento de sementes para propagação."
,,,,1631,"Preparação de produtos agrícolas para venda."
,,,,1632,"Preparação e tratamento de sementes para propagação."
,,17,170,,"Caça, captura de animais e atividades dos serviços relacionados."
,,,,1701,"Caça e repovoamento cinegético."
,,,,1702,"Atividades dos serviços relacionados com caça e repovoamento cinegético."
,2,,,,"Silvicultura e exploração florestal."
,,21,210,2100,"Silvicultura e outras atividades florestais."
,,22,220,2200,"Exploração florestal."
,,23,230,2300,"Extração de cortiça, resina e de outros produtos florestais, exceto madeira."
,,24,240,2400,"Serviços de apoio à silvicultura e à exploração florestal."
,3,,,,"Pesca e aquicultura."
,,31,,,"Pesca."
,,,311,,"Pesca marítima."
,,,,3111,"Pesca marítima, exceto apanha de algas e de outros produtos do mar."
,,,,3112,"Apanha de algas e de outros produtos do mar."
,,,312,,"Pesca em água doce"
,,,,3121,"Pesca em água doce, exceto apanha de produtos em água doce."
,,,,3122,"Apanha de produtos em água doce."
,,32,,,"Aquicultura."
,,,321,3210,"Aquicultura em águas salgadas e salobras."
,,,322,3220,"Aquicultura em água doce."
,,33,330,3300,"Atividades de apoio à pesca e à aquicultura."
"B",,,,,"Indústrias extrativas."
,5,,,,"Extração de carvão e lenhite."
,,51,510,5100,"Extração de hulha."
,,52,520,5200,"Extração de lenhite."
,6,,,,"Extração de petróleo bruto e gás natural."
,,61,610,6100,"Extração de petróleo bruto."
,,62,620,6200,"Extração de gás natural."
,7,,,,"Extração de minérios metálicos."
,,71,710,7100,"Extração de minérios de ferro."
,,72,,,"Extração de minérios metálicos não ferrosos."
,,,721,7210,"Extração de minérios de urânio e de tório."
,,,729,7290,"Extração de outros minérios metálicos não ferrosos."
,8,,,,"Outras indústrias extrativas."
,,81,,,"Extração de pedra, areia e argila."
,,,811,,"Extração de rochas ornamentais, calcário, gesso, ardósia e outras rochas."
,,,,8111,"Extração de mármore e outras rochas carbonatadas."
,,,,8112,"Extração de granito ornamental e rochas similares."
,,,,8113,"Extração de calcário, cré e gesso."
,,,,8114,"Extração de ardósia."
,,,812,,"Extração de saibro, areia e pedra britada e extração de argilas e caulino."
,,,,8121,"Extração de saibro, areia e pedra britada."
,,,,8122,"Extração de argilas e caulino."
,,89,,,"Indústrias extrativas, n. e."
,,,891,8910,"Extração de minerais para a indústria química e para a fabricação de adubos."
,,,892,8920,"Extração de turfa."
,,,893,,"Extração de sal."
,,,,8931,"Extração de sal marinho."
,,,,8932,"Extração de sal-gema."
,,,899,8990,"Outras indústrias extrativas, n. e."
,9,,,,"Atividades de serviços de apoio às indústrias extrativas."
,,91,910,9100,"Atividades de apoio à extração de petróleo e de gás natural."
,,99,990,9900,"Atividades de apoio a outras indústrias extrativas."
"C",,,,,"Indústrias transformadoras."
,10,,,,"Indústrias alimentares."
,,101,,,"Processamento e conservação de carne e fabricação de produtos à base de carne."
,,,1011,10110,"Processamento e conservação de carne, exceto carne de aves."
,,,1012,10120,"Processamento e conservação de carne de aves."
,,,1013,10130,"Fabricação de produtos à base de carne."
,,102,1020,,"Processamento e conservação de peixes, crustáceos e moluscos."
,,,,10201,"Preparação de produtos da pesca e da aquicultura."
,,,,10202,"Congelação de produtos da pesca e da aquicultura."
,,,,10203,"Conservação de produtos da pesca e da aquicultura em azeite e outros óleos vegetais e outros molhos."
,,,,10204,"Salga, secagem e outras atividades de transformação de produtos da pesca e aquicultura."
,,103,,,"Processamento e conservação de frutos e de produtos hortícolas."
,,,1031,10310,"Processamento e conservação de batatas."
,,,1032,10320,"Fabricação de sumos de frutos e de produtos hortícolas."
,,,1039,,"Outro processamento e conservação de frutos e de produtos hortícolas."
,,,,10391,"Congelação de frutos e de produtos hortícolas."
,,,,10392,"Secagem e desidratação de frutos e de produtos hortícolas."
,,,,10393,"Fabricação de doces, compotas, geleias e marmelada."
,,,,10394,"Descasque e transformação de frutos de casca rija comestíveis."
,,,,10395,"Preparação e conservação de frutos e de produtos hortícolas por outros processos."
,,104,,,"Produção de óleos e gorduras animais e vegetais."
,,,1041,,"Produção de óleos e gorduras."
,,,,10411,"Produção de óleos e gorduras animais brutos."
,,,,10412,"Produção de azeite."
,,,,10413,"Produção de óleos vegetais brutos (exceto azeite)."
,,,,10414,"Refinação de azeite, óleos e gorduras."
,,,1042,10420,"Fabricação de margarinas e de gorduras alimentares similares."
,,105,,,"Indústria de laticínios; fabricação de gelados e sorvetes."
,,,1051,10510,"Indústria de laticínios."
,,,1052,10520,"Fabricação de gelados e sorvetes."
,,106,,,"Transformação de cereais e leguminosas; fabricação de amidos, féculas e produtos afins."
,,,1061,,"Transformação de cereais e leguminosas.."
,,,,10611,"Moagem de cereais."
,,,,10612,"Descasque, branqueamento e outros tratamentos do arroz."
,,,,10613,"Transformação de cereais e leguminosas, n. e."
,,,1062,10620,"Fabricação de amidos, féculas e produtos afins."
,,107,,,"Fabricação de produtos de padaria e outros produtos à base de farinha."
,,,1071,,"Panificação e pastelaria fresca."
,,,,10711,"Panificação."
,,,,10712,"Pastelaria fresca."
,,,1072,10720,"Fabricação de bolachas, biscoitos, tostas e pastelaria de conservação."
,,,1073,10730,"Fabricação de produtos à base de farinha."
,,108,,,"Fabricação de outros produtos alimentares."
,,,1081,10810,"Indústria do açúcar."
,,,1082,,"Indústria do cacau, do chocolate e dos produtos de confeitaria à base de açúcar."
,,,,10821,"Fabricação de cacau e de chocolate."
,,,,10822,"Fabricação de produtos de confeitaria."
,,,1083,10830,"Indústria do café e do chá."
,,,1084,10840,"Fabricação de condimentos e temperos."
,,,1085,10850,"Fabricação de refeições e pratos pré-cozinhados."
,,,1086,10860,"Fabricação de alimentos homogeneizados e dietéticos."
,,,1089,,"Fabricação de outros produtos alimentares, n. e."
,,,,10891,"Fabricação de fermentos, leveduras e adjuvantes para panificação e pastelaria."
,,,,10892,"Fabricação de caldos, sopas e sobremesas."
,,,,10893,"Fabricação de suplementos alimentares."
,,,,10894,"Fabricação de produtos alternativos aos produtos lácteos."
,,,,10895,"Fabricação de outros produtos alimentares diversos, n. e."
,,109,,,"Fabricação de alimentos preparados para animais."
,,,1091,,"Fabricação de alimentos para animais de criação."
,,,,10911,"Fabricação de pré-misturas."
,,,,10912,"Fabricação de alimentos para animais de criação (exceto para aquicultura)."
,,,,10913,"Fabricação de alimentos para aquicultura."
,,,1092,10920,"Fabricação de alimentos para animais de estimação."
,11,,,,"Indústria das bebidas."
,,110,,,"Indústria das bebidas."
,,,1101,,"Fabricação de bebidas alcoólicas destiladas."
,,,,11011,"Fabricação de aguardentes preparadas."
,,,,11012,"Fabricação de aguardentes não preparadas."
,,,,11013,"Produção de licores e de outras bebidas destiladas."
,,,1102,,"Indústria do vinho."
,,,,11021,"Produção de vinhos comuns e licorosos."
,,,,11022,"Produção de vinhos espumantes e espumosos."
,,,1103,11030,"Fabricação de sidra e outras bebidas fermentadas de frutos."
,,,1104,11040,"Fabricação de vermutes e de outras bebidas fermentadas não destiladas."
,,,1105,11050,"Fabricação de cerveja."
,,,1106,11060,"Fabricação de malte."
,,,1107,,"Produção de bebidas refrigerantes não alcoólicas e de águas engarrafadas."
,,,,11071,"Engarrafamento de águas minerais naturais e de nascente."
,,,,11072,"Fabricação de refrigerantes e de outras bebidas não alcoólicas, n. e."
,12,120,1200,12000,"Indústria do tabaco."
,13,,,,"Fabricação de têxteis."
,,131,1310,,"Preparação e fiação de fibras têxteis."
,,,,13101,"Preparação e fiação de fibras do tipo algodão, lã, seda, linho e outras fibras têxteis; preparação e texturização de filamentos sintéticos e artificiais."
,,,,13102,"Fabricação de linhas de costura."
,,132,1320,13200,"Tecelagem de têxteis."
,,133,1330,,"Acabamento de têxteis."
,,,,13301,"Branqueamento e tingimento."
,,,,13302,"Estampagem."
,,,,13303,"Acabamento de fios, tecidos e artigos têxteis, n. e."
,,139,,,"Fabricação de outros têxteis."
,,,1391,13910,"Fabricação de tecidos de malha."
,,,1392,13920,"Fabricação de têxteis para uso doméstico e de artigos têxteis de decoração confecionados."
,,,1393,13930,"Fabricação de tapetes e carpetes."
,,,1394,,"Fabricação de cordoaria e redes."
,,,,13941,"Fabricação de cordoaria."
,,,,13942,"Fabricação de redes."
,,,1395,13950,"Fabricação de têxteis não tecidos e respetivos artigos."
,,,1396,,"Fabricação de têxteis para uso técnico e industrial."
,,,,13961,"Fabricação de passamanarias e sirgarias."
,,,,13962,"Fabricação de outros têxteis para uso técnico e industrial, n. e."
,,,1399,,"Fabricação de outros têxteis, n. e."
,,,,13991,"Fabricação de bordados."
,,,,13992,"Fabricação de rendas."
,,,,13993,"Fabricação de outros têxteis diversos, n. e."
,14,,,,"Indústria do vestuário."
,,141,1410,,"Fabricação de vestuário de malha."
,,,,14101,"Fabricação de meias e similares de malha."
,,,,14102,"Fabricação de outro vestuário de malha."
,,142,,,"Confeção de outros artigos e acessórios de vestuário."
,,,1421,,"Confeção de vestuário exterior."
,,,,14211,"Confeção de vestuário exterior em série."
,,,,14212,"Confeção de vestuário exterior por medida."
,,,,14213,"Atividades de acabamento de artigos de vestuário."
,,,1422,14220,"Confeção de vestuário interior."
,,,1423,14230,"Confeção de vestuário de trabalho."
,,,1424,,"Confeção de vestuário em couro e de artigos de peles com pelo."
,,,,14241,"Confeção de vestuário em couro."
,,,,14242,"Confeção de artigos de peles com pelo."
,,,1429,14290,"Confeção de outros artigos e acessórios de vestuário, n. e."
,15,,,,"Indústria do couro, dos produtos do couro e produtos similares de outros materiais."
,,151,,,"Curtimenta, tingimento e acabamento de couro e peles com pelo; fabricação de artigos de viagem, marroquinaria, arreios e selas."
,,,1511,,"Curtimenta, acabamento e tingimento de couros e peles com pelo."
,,,,15111,"Curtimenta, acabamento e tingimento de peles sem pelo."
,,,,15112,"Fabricação de couro reconstituído."
,,,,15113,"Curtimenta e acabamento de peles com pelo."
,,,1512,15120,"Fabricação de artigos de viagem, marroquinaria, arreios e selas de qualquer material."
,,152,1520,,"Indústria do calçado."
,,,,15201,"Fabricação de calçado."
,,,,15202,"Fabricação de componentes para calçado."
,16,,,,"Indústria da madeira e dos produtos da madeira e cortiça, exceto mobiliário; Fabricação de artigos de espartaria e cestaria."
,,161,,,"Serração e aplainamento da madeira; processamento e acabamento da madeira."
,,,1611,16110,"Serração e aplainamento da madeira."
,,,1612,16120,"Processamento e acabamento da madeira."
,,162,,,"Fabricação de artigos de madeira, de cortiça, de espartaria e cestaria."
,,,1621,,"Fabricação de folheados e painéis à base de madeira."
,,,,16211,"Fabricação de painéis de partículas de madeira."
,,,,16212,"Fabricação de painéis de fibras de madeira."
,,,,16213,"Fabricação de folheados, contraplacados, lamelados e de outros painéis."
,,,1622,16220,"Fabricação de pavimentos em painéis montados."
,,,1623,16230,"Fabricação de outros produtos de carpintaria para a construção."
,,,1624,16240,"Fabricação de embalagens de madeira."
,,,1625,16250,"Fabricação de portas e janelas de madeira."
,,,1626,16260,"Fabricação de combustíveis sólidos a partir de biomassa vegetal."
,,,1627,16270,"Acabamento de produtos de madeira."
,,,1628,,"Fabricação de outros produtos de madeira e artigos de cortiça, de espartaria e cestaria."
,,,,16281,"Fabricação de outras obras de madeira."
,,,,16282,"Fabricação de obras de cestaria e de espartaria."
,,,,16283,"Indústria de preparação da cortiça."
,,,,16284,"Fabricação de rolhas de cortiça."
,,,,16285,"Fabricação de outros produtos de cortiça."
,17,,,,"Fabricação de papel e produtos do papel."
,,171,,,"Fabricação de pasta, de papel e cartão (exceto canelado)."
,,,1711,17110,"Fabricação de pasta."
,,,1712,17120,"Fabricação de papel e de cartão (exceto canelado)."
,,172,,,"Fabricação de artigos de papel e de cartão."
,,,1721,,"Fabricação de papel e de cartão canelados e de embalagens de papel e cartão."
,,,,17211,"Fabricação de papel e de cartão canelados (inclui embalagens)."
,,,,17212,"Fabricação de outras embalagens de papel e de cartão."
,,,1722,17220,"Fabricação de artigos de papel para uso doméstico e sanitário."
,,,1723,17230,"Fabricação de artigos de papel para papelaria."
,,,1724,17240,"Fabricação de papel de parede."
,,,1725,17250,"Fabricação de outros artigos de papel e de cartão."
,18,,,,"Impressão e reprodução de suportes gravados."
,,181,,,"Impressão e serviços relacionados com a impressão."
,,,1811,18110,"Impressão de jornais."
,,,1812,18120,"Outra impressão."
,,,1813,18130,"Serviços de pré-impressão e pré-media."
,,,1814,18140,"Encadernação e atividades relacionadas."
,,182,1820,18200,"Reprodução de suportes gravados."
,19,,,,"Fabricação de coque e de produtos petrolíferos refinados."
,,191,1910,19100,"Fabricação de produtos de coqueria."
,,192,1920,,"Fabricação de produtos petrolíferos refinados e de produtos de combustíveis fósseis."
,,,,19201,"Fabricação de produtos petrolíferos refinados."
,,,,19202,"Fabricação de produtos petrolíferos a partir de resíduos."
,,,,19203,"Fabricação de briquetes e aglomerados de hulha e lenhite."
,20,,,,"Fabricação de produtos químicos e de fibras sintéticas e artificiais."
,,201,,,"Fabricação de produtos químicos de base, adubos e compostos azotados, matérias plásticas e borracha sintética, sob formas primárias."
,,,2011,20110,"Fabricação de gases industriais."
,,,2012,20120,"Fabricação de corantes e pigmentos."
,,,2013,20130,"Fabricação de outros produtos químicos inorgânicos de base."
,,,2014,,"Fabricação de outros produtos químicos orgânicos de base."
,,,,20141,"Fabricação de resinosos e seus derivados."
,,,,20142,"Fabricação de carvão (vegetal e animal) e produtos associados."
,,,,20143,"Fabricação de álcool etílico de fermentação."
,,,,20144,"Fabricação de outros produtos químicos orgânicos de base, n. e."
,,,2015,,"Fabricação de adubos e de compostos azotados."
,,,,20151,"Fabricação de adubos químicos ou minerais e de compostos azotados."
,,,,20152,"Fabricação de adubos orgânicos e organo-minerais."
,,,2016,20160,"Fabricação de matérias plásticas em formas primárias."
,,,2017,20170,"Fabricação de borracha sintética em formas primárias."
,,202,2020,20200,"Fabricação de pesticidas, desinfetantes e outros produtos agroquímicos."
,,203,2030,,"Fabricação de tintas, vernizes e produtos similares, tintas de impressão e mástiques."
,,,,20301,"Fabricação de tintas (exceto impressão), vernizes, mastiques e produtos similares."
,,,,20302,"Fabricação de tintas de impressão."
,,,,20303,"Fabricação de pigmentos preparados, composições vitrificáveis e afins."
,,204,,,"Fabricação de produtos para lavagem, limpeza e polimento."
,,,2041,,"Fabricação de sabões e detergentes, produtos de limpeza e de polimento."
,,,,20411,"Fabricação de sabões, detergentes e glicerina."
,,,,20412,"Fabricação de produtos de limpeza, polimento e proteção."
,,,2042,20420,"Fabricação de perfumes, de cosméticos e de produtos de higiene."
,,205,,,"Fabricação de outros produtos químicos."
,,,2051,20510,"Fabricação de biocombustíveis líquidos."
,,,2059,,"Fabricação de outros produtos químicos, n. e."
,,,,20591,"Fabricação de explosivos e artigos de pirotecnia."
,,,,20592,"Fabricação de colas."
,,,,20593,"Fabricação de óleos essenciais."
,,,,20594,"Fabricação de produtos químicos auxiliares para uso industrial."
,,,,20595,"Fabricação de outros produtos químicos diversos, n. e."
,,206,2060,20600,"Fabricação de fibras sintéticas ou artificiais."
,21,,,,"Fabricação de produtos farmacêuticos de base e de preparações farmacêuticas."
,,211,2110,21100,"Fabricação de produtos farmacêuticos de base."
,,212,2120,,"Fabricação de preparações farmacêuticas."
,,,,21201,"Fabricação de medicamentos."
,,,,21202,"Fabricação de outras preparações e de artigos farmacêuticos."
,22,,,,"Fabricação de artigos de borracha e de matérias plásticas."
,,221,,,"Fabricação de artigos de borracha."
,,,2211,,"Fabricação, recauchutagem e reconstrução de pneus e fabricação de câmaras de ar."
,,,,22111,"Fabricação de pneus e câmaras de ar."
,,,,22112,"Reconstrução de pneus."
,,,2212,22120,"Fabricação de outros produtos de borracha."
,,222,,,"Fabricação de artigos de matérias plásticas."
,,,2221,22210,"Fabricação de chapas, folhas, tubos e perfis de plástico."
,,,2222,22220,"Fabricação de embalagens de plástico."
,,,2223,22230,"Fabricação de portas e janelas de plástico."
,,,2224,22240,"Fabricação de artigos de plástico para a construção."
,,,2225,22250,"Processamento e acabamento de produtos de plástico."
,,,2226,22260,"Fabricação de outros artigos de plástico."
,23,,,,"Fabricação de outros produtos minerais não metálicos."
,,231,,,"Fabricação de vidro e artigos de vidro."
,,,2311,23110,"Fabricação de vidro plano."
,,,2312,23120,"Moldagem e processamento de vidro plano."
,,,2313,,"Fabricação de vidro de embalagem e cristalaria (vidro oco)."
,,,,23131,"Fabricação de vidro de embalagem."
,,,,23132,"Cristalaria."
,,,2314,23140,"Fabricação de fibras de vidro."
,,,2315,23150,"Fabricação e processamento de outro vidro (incluindo vidro técnico)."
,,232,2320,23200,"Fabricação de produtos cerâmicos refratários."
,,233,,,"Fabricação de produtos de barro para a construção."
,,,2331,,"Fabricação de azulejos, ladrilhos, mosaicos e lajes de cerâmica."
,,,,23311,"Fabricação de azulejos."
,,,,23312,"Fabricação de ladrilhos, mosaicos e lajes de cerâmica."
,,,2332,,"Fabricação de tijolos, telhas e de outros produtos de barro para a construção."
,,,,23321,"Fabricação de tijolos e abobadilhas."
,,,,23322,"Fabricação de telhas."
,,,,23323,"Fabricação de outros produtos de cerâmicos para a construção."
,,234,,,"Fabricação de outros produtos de porcelana e cerâmica."
,,,2341,,"Fabricação de artigos cerâmicos de uso doméstico e ornamental."
,,,,23411,"Olaria de barro."
,,,,23412,"Fabricação de artigos de uso doméstico de faiança, porcelana e grés fino."
,,,,23413,"Fabricação de artigos de ornamentação de faiança, porcelana e grés fino."
,,,,23414,"Atividades de decoração de artigos cerâmicos de uso doméstico e ornamental."
,,,2342,23420,"Fabricação de artigos cerâmicos para usos sanitários."
,,,2343,23430,"Fabricação de isoladores e peças isolantes em cerâmica."
,,,2344,23440,"Fabricação de outros produtos em cerâmica para usos técnicos."
,,,2345,23450,"Fabricação de outros produtos cerâmicos."
,,235,,,"Fabricação de cimento, cal e gesso."
,,,2351,23510,"Fabricação de cimento."
,,,2352,,"Fabricação de cal e gesso."
,,,,23521,"Fabricação de cal."
,,,,23522,"Fabricação de gesso."
,,236,,,"Fabricação de produtos de betão, cimento e gesso."
,,,2361,23610,"Fabricação de produtos de betão para a construção."
,,,2362,23620,"Fabricação de produtos de gesso para a construção."
,,,2363,23630,"Fabricação de betão pronto."
,,,2364,23640,"Fabricação de argamassas."
,,,2365,23650,"Fabricação de produtos de fibrocimento."
,,,2366,23660,"Fabricação de outros produtos de betão, cimento e gesso."
,,237,2370,,"Serragem, corte e acabamento de pedra."
,,,,23701,"Fabricação de artigos de mármore e de rochas similares."
,,,,23702,"Fabricação de artigos em ardósia (lousa)."
,,,,23703,"Fabricação de artigos de granito e de rochas, n. e."
,,239,,,"Fabricação de produtos abrasivos e produtos minerais não metálicos, n. e."
,,,2391,23910,"Fabricação de produtos abrasivos."
,,,2399,,"Fabricação de outros produtos minerais não metálicos, n. e."
,,,,23991,"Fabricação de misturas betuminosas."
,,,,23992,"Fabricação de outros produtos minerais não metálicos diversos, n. e."
,24,,,,"Indústrias metalúrgicas de base."
,,241,2410,24100,"Siderurgia e fabricação de ferro-ligas."
,,242,2420,24200,"Fabricação de tubos, condutas, perfis ocos e respetivos acessórios, de aço."
,,243,,,"Fabricação de outros produtos da primeira transformação do aço."
,,,2431,24310,"Estiragem a frio de barras."
,,,2432,24320,"Laminagem a frio de arco ou banda."
,,,2433,24330,"Perfilagem a frio."
,,,2434,24340,"Trefilagem a frio."
,,244,,,"Produção de metais básicos e preciosos e outros metais não ferrosos."
,,,2441,24410,"Produção de metais preciosos."
,,,2442,24420,"Produção de alumínio."
,,,2443,24430,"Produção de chumbo, zinco e estanho."
,,,2444,24440,"Produção de cobre."
,,,2445,24450,"Produção de outros metais não ferrosos."
,,,2446,24460,"Processamento de combustível nuclear."
,,245,,,"Fundição de metais."
,,,2451,24510,"Fundição de ferro."
,,,2452,24520,"Fundição de aço."
,,,2453,24530,"Fundição de metais leves."
,,,2454,24540,"Fundição de outros metais não ferrosos."
,25,,,,"Fabricação de produtos metálicos, exceto máquinas e equipamentos."
,,251,,,"Fabricação de elementos de construção em metal."
,,,2511,25110,"Fabricação de estruturas e partes de estruturas metálicas."
,,,2512,25120,"Fabricação de portas e janelas metálicas."
,,252,,,"Fabricação de tanques, reservatórios e contentores metálicos."
,,,2521,,"Fabricação de radiadores para aquecimento central, geradores de vapor e caldeiras."
,,,,25211,"Fabricação de radiadores para aquecimento central e caldeiras."
,,,,25212,"Fabricação de geradores de vapor."
,,,2522,25220,"Fabricação de outros tanques, reservatórios e contentores metálicos."
,,253,2530,,"Fabricação de armas e munições."
,,,,25301,"Fabricação de armas de caça, de desporto e defesa."
,,,,25302,"Fabricação de armamento."
,,254,2540,25400,"Forjamento e moldagem de metais e pulverometalurgia."
,,255,,,"Tratamento e revestimento de metais; atividades de maquinagem de metais."
,,,2551,25510,"Revestimento de metais."
,,,2552,25520,"Tratamento térmico de metais."
,,,2553,25530,"Maquinagem de metais."
,,256,,,"Fabricação de cutelaria, ferramentas e ferragens."
,,,2561,25610,"Fabricação de cutelaria."
,,,2562,25620,"Fabricação de fechaduras, dobradiças e outras ferragens."
,,,2563,,"Fabricação de ferramentas."
,,,,25631,"Fabricação de ferramentas manuais."
,,,,25632,"Fabricação de ferramentas mecânicas."
,,,,25633,"Fabricação de peças sinterizadas."
,,,,25634,"Fabricação de moldes metálicos."
,,259,,,"Fabricação de outros produtos metálicos."
,,,2591,25910,"Fabricação de bidões, tonéis e outros recipientes similares de aço."
,,,2592,25920,"Fabricação de embalagens metálicas ligeiras."
,,,2593,,"Fabricação de produtos de arame, correntes e molas metálicas."
,,,,25931,"Fabricação de produtos de arame."
,,,,25932,"Fabricação de molas."
,,,,25933,"Fabricação de correntes metálicas."
,,,2594,25940,"Fabricação de rebites, parafusos e porcas."
,,,2599,,"Fabricação de outros produtos metálicos, n. e."
,,,,25991,"Fabricação de louça metálica e artigos de uso doméstico."
,,,,25992,"Fabricação de outros produtos metálicos diversos, n. e."
,26,,,,"Fabricação de equipamentos informáticos e para comunicações, produtos eletrónicos e óticos."
,,261,,,"Fabricação de componentes e placas eletrónicos."
,,,2611,26110,"Fabricação de componentes eletrónicos."
,,,2612,26120,"Fabricação de placas de circuitos eletrónicos."
,,262,2620,26200,"Fabricação de computadores e de equipamento periférico."
,,263,2630,26300,"Fabricação de aparelhos e de equipamentos para comunicações."
,,264,2640,26400,"Fabricação de produtos eletrónicos de consumo."
,,265,,,"Fabricação de instrumentos de medição e verificação, relógios e material de relojoaria."
,,,2651,,"Fabricação de instrumentos e aparelhos de medição, verificação e navegação."
,,,,26511,"Fabricação de contadores de eletricidade, gás, água e de outros líquidos."
,,,,26512,"Fabricação de instrumentos e aparelhos de medida, verificação, navegação e outros fins, n. e."
,,,2652,26520,"Fabricação de relógios e material de relojoaria."
,,266,2660,26600,"Fabricação de equipamentos de irradiação, eletromedicina e eletroterapêutico."
,,267,2670,,"Fabricação de instrumentos óticos, suportes de informação magnéticos e óticos e equipamentos fotográficos."
,,,,26701,"Fabricação de instrumentos e equipamentos óticos não oftálmicos e suportes de informação magnéticos e óticos."
,,,,26702,"Fabricação de material fotográfico e cinematográfico."
,27,,,,"Fabricação de equipamento elétrico."
,,271,,,"Fabricação de motores, geradores e transformadores elétricos e fabricação de material de distribuição e de controlo para instalações elétricas."
,,,2711,27110,"Fabricação de motores, geradores e transformadores elétricos."
,,,2712,,"Fabricação de material de distribuição e de controlo para instalações elétricas."
,,,,27121,"Fabricação de material de distribuição e de controlo para instalações elétricas de alta tensão."
,,,,27122,"Fabricação de material de distribuição e de controlo para instalações elétricas de baixa tensão."
,,272,2720,27200,"Fabricação de acumuladores e pilhas."
,,273,,,"Fabricação de fios e cabos isolados e seus acessórios."
,,,2731,27310,"Fabricação de cabos de fibra ótica."
,,,2732,27320,"Fabricação de outros fios e cabos elétricos e eletrónicos."
,,,2733,27330,"Fabricação de acessórios para fios e cabos."
,,274,2740,27400,"Fabricação de material de iluminação."
,,275,,,"Fabricação de aparelhos para uso doméstico."
,,,2751,27510,"Fabricação de aparelhos eletrodomésticos."
,,,2752,27520,"Fabricação de aparelhos não elétricos para uso doméstico."
,,279,2790,27900,"Fabricação de outro equipamento elétrico."
,28,,,,"Fabricação de máquinas e equipamentos, n. e."
,,281,,,"Fabricação de máquinas e de equipamentos para uso geral."
,,,2811,28110,"Fabricação de motores e turbinas, exceto motores para aeronaves, automóveis e motociclos e ciclomotores."
,,,2812,28120,"Fabricação de equipamento hidráulico e pneumático."
,,,2813,28130,"Fabricação de outras bombas e compressores."
,,,2814,28140,"Fabricação de outras torneiras e válvulas."
,,,2815,28150,"Fabricação de rolamentos, de engrenagens e de outros órgãos de transmissão."
,,282,,,"Fabricação de outras máquinas para uso geral."
,,,2821,28210,"Fabricação de fornos e equipamento de aquecimento doméstico fixo."
,,,2822,,"Fabricação de equipamento de elevação e de movimentação."
,,,,28221,"Fabricação de ascensores e monta cargas, escadas e passadeiras rolantes."
,,,,28222,"Fabricação de equipamentos de elevação e de movimentação, n. e."
,,,2823,28230,"Fabricação de máquinas e equipamento de escritório (exceto computadores e equipamento periférico)."
,,,2824,28240,"Fabricação de máquinas-ferramentas portáteis com motor."
,,,2825,28250,"Fabricação de equipamento não doméstico de ar condicionado."
,,,2829,,"Fabricação de outras máquinas para uso geral, n. e."
,,,,28291,"Fabricação de máquinas de acondicionamento e de embalagem."
,,,,28292,"Fabricação de balanças e de outro equipamento para pesagem."
,,,,28293,"Fabricação de outras máquinas diversas de uso geral, n. e."
,,283,2830,28300,"Fabricação de máquinas e de tratores para a agricultura, pecuária e silvicultura."
,,284,,,"Fabricação de máquinas de moldagem de metais e máquinas-ferramentas."
,,,2841,28410,"Fabricação de máquinas de moldagem de metais e de máquinas-ferramentas para trabalhar metais."
,,,2842,28420,"Fabricação de outras máquinas-ferramentas."
,,289,,,"Fabricação de outras máquinas e equipamento para uso específico."
,,,2891,28910,"Fabricação de máquinas para a metalurgia."
,,,2892,28920,"Fabricação de máquinas para as indústrias extrativas e para a construção."
,,,2893,28930,"Fabricação de máquinas para as indústrias alimentares, das bebidas e do tabaco."
,,,2894,28940,"Fabricação de máquinas para as indústrias têxtil, do vestuário e do couro."
,,,2895,28950,"Fabricação de máquinas para as indústrias do papel e do cartão."
,,,2896,28960,"Fabricação de máquinas para as indústrias do plástico e da borracha."
,,,2897,28970,"Fabricação de máquinas para o fabrico aditivo."
,,,2899,,"Fabricação de outras máquinas para uso específico, n. e."
,,,,28991,"Fabricação de máquinas para as indústrias de materiais de construção, cerâmica e vidro."
,,,,28992,"Fabricação de outras máquinas diversas para uso específico, n. e."
,29,,,,"Fabricação de veículos a motor, reboques e semirreboques."
,,291,2910,29100,"Fabricação de veículos a motor."
,,292,2920,29200,"Fabricação de carroçarias para veículos a motor, reboques e semirreboques."
,,293,,,"Fabricação de peças e acessórios para veículos a motor."
,,,2931,29310,"Fabricação de equipamento elétrico e eletrónico para veículos a motor."
,,,2932,29320,"Fabricação de outros componentes e acessórios para veículos a motor."
,30,,,,"Fabricação de outro equipamento de transporte."
,,301,,,"Construção naval."
,,,3011,,"Construção de embarcações e estruturas flutuantes civis."
,,,,30111,"Construção de embarcações metálicas e estruturas flutuantes civis, exceto de recreio e desporto."
,,,,30112,"Construção de embarcações não metálicas civis, exceto de recreio e desporto."
,,,3012,30120,"Construção de embarcações de recreio e desporto."
,,,3013,30130,"Construção de navios e embarcações militares"
,,302,3020,30200,"Fabricação de material circulante para caminhos de ferro."
,,303,,,"Fabricação de aeronaves, veículos espaciais e equipamento relacionado."
,,,3031,30310,"Fabricação de aeronaves e veículos espaciais civis e equipamento relacionado."
,,,3032,30320,"Fabricação de aeronaves e veículos espaciais militares e equipamento relacionado."
,,304,3040,30400,"Fabricação de veículos militares de combate."
,,309,,,"Fabricação de equipamento de transporte, n. e."
,,,3091,30910,"Fabricação de motociclos."
,,,3092,30920,"Fabricação de bicicletas e de veículos para inválidos."
,,,3099,30990,"Fabricação de outro equipamento de transporte, n. e."
,31,310,3100,,"Fabricação de mobiliário."
,,,,31001,"Fabricação de mobiliário para escritório e comércio."
,,,,31002,"Fabricação de mobiliário de cozinha."
,,,,31003,"Fabricação de colchoaria."
,,,,31004,"Fabricação de mobiliário de madeira para outros fins."
,,,,31005,"Fabricação de mobiliário metálico para outros fins."
,,,,31006,"Fabricação de mobiliário de outros materiais para outros fins."
,,,,31007,"Atividades de acabamento de mobiliário."
,32,,,,"Outras indústrias transformadoras."
,,321,,,"Fabricação de joalharia, ourivesaria, bijutaria e artigos similares."
,,,3211,32110,"Cunhagem de moedas."
,,,3212,,"Fabricação de joalharia, ourivesaria e artigos similares."
,,,,32121,"Fabricação de filigranas."
,,,,32122,"Fabricação de artigos de joalharia e de outros artigos de ourivesaria."
,,,,32123,"Trabalho de diamantes e de outras pedras preciosas ou semipreciosas para joalharia e uso industrial."
,,,3213,32130,"Fabricação de bijutarias."
,,322,3220,32200,"Fabricação de instrumentos musicais."
,,323,3230,32300,"Fabricação de artigos de desporto."
,,324,3240,32400,"Fabricação de jogos e de brinquedos."
,,325,3250,,"Fabricação de instrumentos e materiais médicos e dentários."
,,,,32501,"Fabricação de material ótico oftálmico."
,,,,32502,"Fabricação de material ortopédico e próteses e de instrumentos médico-cirúrgicos."
,,329,,,"Indústrias transformadoras, n. e."
,,,3291,32910,"Fabricação de vassouras, escovas e pincéis."
,,,3299,,"Outras indústrias transformadoras, n. e."
,,,,32991,"Fabricação de canetas, lápis e similares."
,,,,32992,"Fabricação de fechos de correr, botões e similares."
,,,,32993,"Fabricação de guarda-sóis e chapéus de chuva."
,,,,32994,"Fabricação de equipamento de proteção e segurança."
,,,,32995,"Fabricação de caixões mortuários em madeira."
,,,,32996,"Outras indústrias transformadoras diversas, n. e."
,33,,,,"Reparação, manutenção e instalação de máquinas e equipamentos."
,,331,,,"Reparação e manutenção de produtos metálicos, máquinas e equipamento."
,,,3311,33110,"Reparação e manutenção de produtos metálicos."
,,,3312,33120,"Reparação e manutenção de máquinas."
,,,3313,33130,"Reparação e manutenção de equipamento eletrónico e ótico."
,,,3314,33140,"Reparação e manutenção de equipamento elétrico."
,,,3315,33150,"Reparação e manutenção de embarcações civis."
,,,3316,33160,"Reparação e manutenção de aeronaves e de veículos espaciais civis."
,,,3317,33170,"Reparação e manutenção de outro equipamento de transporte civil."
,,,3318,33180,"Reparação e manutenção de veículos de combate, navios, embarcações, aeronaves e veículos espaciais militares."
,,,3319,33190,"Reparação e manutenção de outro equipamento."
,,332,3320,33200,"Instalação de máquinas e de equipamentos industriais."
"D",,,,,"Produção e distribuição de eletricidade, gás, vapor e ar condicionado."
,35,,,,"Produção e distribuição de eletricidade, gás, vapor e ar condicionado."
,,351,,,"Produção, transporte e distribuição de energia elétrica."
,,,3511,35110,"Produção de eletricidade a partir de fontes não renováveis."
,,,3512,,"Produção de eletricidade a partir de fontes renováveis."
,,,,35121,"Produção de eletricidade de origem hídrica."
,,,,35122,"Produção de eletricidade de origem eólica."
,,,,35123,"Produção de eletricidade de origem solar."
,,,,35124,"Produção de eletricidade a partir de biomassa."
,,,,35125,"Produção de eletricidade de origem geotérmica e de outra origem renovável."
,,,3513,35130,"Transporte de eletricidade."
,,,3514,35140,"Distribuição de eletricidade."
,,,3515,,"Comércio de eletricidade."
,,,,35151,"Comércio de eletricidade, exceto para mobilidade elétrica."
,,,,35152,"Comércio de eletricidade para mobilidade elétrica."
,,,3516,35160,"Armazenamento de eletricidade."
,,352,,,"Produção de gás e distribuição de combustíveis gasosos por condutas."
,,,3521,35210,"Produção de gás."
,,,3522,35220,"Distribuição de combustíveis gasosos por condutas."
,,,3523,35230,"Comércio de gás por condutas."
,,,3524,35240,"Armazenamento de gás como parte dos serviços de abastecimento da rede."
,,353,,,"Produção e distribuição de vapor e ar condicionado."
,,,3530,,"Produção e distribuição de vapor e ar condicionado."
,,,,35301,"Produção e distribuição de vapor, água quente e fria e ar frio por conduta."
,,,,35302,"Produção de gelo."
,,354,3540,35400,"Atividades dos corretores e agentes de energia elétrica e gás natural."
"E",,,,,"Captação, tratamento e distribuição de água; saneamento, gestão de resíduos e despoluição."
,36,360,3600,,"Captação, tratamento e distribuição de água."
,,,,36001,"Captação e tratamento de água."
,,,,36002,"Distribuição de água."
,37,370,3700,,"Recolha e tratamento de águas residuais."
,,,,37001,"Recolha e drenagem de águas residuais."
,,,,37002,"Tratamento de águas residuais."
,38,,,,"Recolha, valorização e eliminação de resíduos."
,,381,,,"Recolha de resíduos."
,,,3811,,"Recolha de resíduos não perigosos."
,,,,38111,"Recolha de resíduos inertes."
,,,,38112,"Recolha de outros resíduos não perigosos."
,,,3812,38120,"Recolha de resíduos perigosos."
,,382,,,"Valorização de resíduos."
,,,3821,,"Valorização de materiais."
,,,,38211,"Desmantelamento de veículos automóveis, em fim de vida."
,,,,38212,"Desmantelamento de equipamentos elétricos e eletrónicos, em fim de vida."
,,,,38213,"Desmantelamento de outros equipamentos e bens, em fim de vida."
,,,,38214,"Valorização de resíduos metálicos."
,,,,38215,"Valorização de resíduos não metálicos."
,,,3822,38220,"Valorização energética."
,,,3823,38230,"Outras operações de valorizações de resíduos."
,,383,,,"Eliminação de resíduos, sem valorização."
,,,3831,38310,"Incineração sem valorização energética."
,,,3832,38320,"Deposição em aterro ou armazenamento permanente."
,,,3833,38330,"Outras operações de eliminação de resíduos."
,39,390,3900,39000,"Remediação e outras atividades dos serviços de gestão de resíduos."
"F",,,,,"Construção."
,41,410,4100,41000,"Construção de edifícios residenciais e não residenciais."
,42,,,,"Engenharia civil."
,,421,,,"Construção de estradas e vias-férreas."
,,,4211,42110,"Construção de estradas e autoestradas."
,,,4212,42120,"Construção de vias-férreas de superfície e subterrâneas."
,,,4213,42130,"Construção de pontes e túneis."
,,422,,,"Construção de redes de transporte de águas, de esgotos, de distribuição de energia, de telecomunicações e de outras redes."
,,,4221,42210,"Construção de redes de transporte de águas, de esgotos e de outros fluidos."
,,,4222,42220,"Construção de redes de transporte e distribuição de eletricidade e redes de telecomunicações."
,,429,,,"Construção de outros projetos de engenharia civil."
,,,4291,42910,"Engenharia hidráulica."
,,,4299,42990,"Construção de outras obras de engenharia civil, n. e."
,43,,,,"Atividades especializadas de construção."
,,431,,,"Demolição e preparação dos locais de construção."
,,,4311,43110,"Demolição."
,,,4312,43120,"Preparação dos locais de construção."
,,,4313,43130,"Perfurações e sondagens."
,,432,,,"Instalação elétrica, de canalizações e outras instalações."
,,,4321,43210,"Instalação elétrica."
,,,4322,,"Instalação de canalizações e de climatização."
,,,,43221,"Instalação de canalizações."
,,,,43222,"Instalação de climatização."
,,,4323,43230,"Instalação de isolamento."
,,,4324,43240,"Outras instalações em construções."
,,433,,,"Atividades de acabamento em edifícios."
,,,4331,43310,"Estucagem."
,,,4332,43320,"Montagem de trabalhos de carpintaria e de caixilharia."
,,,4333,43330,"Revestimento de pavimentos e de paredes."
,,,4334,43340,"Pintura e colocação de vidros."
,,,4335,43350,"Outras atividades de acabamento em edifícios."
,,434,,,"Atividades especializadas de construção na construção de edifícios."
,,,4341,43410,"Atividades de colocação de telhados e coberturas."
,,,4342,43420,"Outras atividades especializadas de construção na construção de edifícios."
,,435,4350,43500,"Atividades especializadas de construção em engenharia civil."
,,436,4360,43600,"Atividades de serviços de intermediação para serviços especializados de construção."
,,439,,,"Outras atividades especializadas de construção."
,,,4391,43910,"Atividades de alvenaria e assentamento de tijolos."
,,,4399,,"Outras atividades especializadas de construção, n. e."
,,,,43991,"Aluguer de equipamento de construção e de demolição, com operador."
,,,,43992,"Outras atividades especializadas de construção diversas, n. e."
"G",,,,,"Comércio por grosso e a retalho."
,46,,,,"Comércio por grosso."
,,461,,,"Agentes do comércio por grosso."
,,,4611,46110,"Atividades dos agentes do comércio por grosso de matérias-primas agrícolas e têxteis, animais vivos e produtos semiacabados."
,,,4612,46120,"Atividades dos agentes do comércio por grosso de combustíveis, minérios, metais e de produtos químicos para a indústria."
,,,4613,46130,"Atividades dos agentes do comércio por grosso de madeira e materiais de construção."
,,,4614,46140,"Atividades dos agentes do comércio por grosso de máquinas, equipamento industrial, embarcações e aeronaves."
,,,4615,46150,"Atividades dos agentes do comércio por grosso de mobiliário, artigos para uso doméstico e ferragens."
,,,4616,46160,"Atividades dos agentes do comércio por grosso de têxteis, vestuário, calçado e artigos de couro e pele."
,,,4617,46170,"Atividades dos agentes do comércio por grosso de produtos alimentares, bebidas e tabaco"
,,,4618,46180,"Atividades dos agentes do comércio por grosso de outros produtos."
,,,4619,46190,"Atividades dos agentes do comércio por grosso não especializado."
,,462,,,"Comércio por grosso de produtos agrícolas brutos e animais vivos."
,,,4621,,"Comércio por grosso de cereais, tabaco em bruto, sementes e alimentos para animais."
,,,,46211,"Comércio por grosso de alimentos para animais."
,,,,46212,"Comércio por grosso de tabaco em bruto."
,,,,46213,"Comércio por grosso de cortiça em bruto."
,,,,46214,"Comércio por grosso de cereais, sementes, leguminosas, oleaginosas e outras matérias-primas agrícolas."
,,,4622,46220,"Comércio por grosso de flores e plantas."
,,,4623,46230,"Comércio por grosso de animais vivos."
,,,4624,46240,"Comércio por grosso de peles e couro."
,,463,,,"Comércio por grosso de produtos alimentares, bebidas e tabaco."
,,,4631,,"Comércio por grosso de fruta e de produtos hortícolas."
,,,,46311,"Comércio por grosso de fruta e de produtos hortícolas, exceto batata."
,,,,46312,"Comércio por grosso de batata."
,,,4632,,"Comércio por grosso de carne, produtos à base de carne, peixe e produtos à base de peixe."
,,,,46321,"Comércio por grosso de carne e produtos à base de carne."
,,,,46322,"Comércio por grosso de peixe, crustáceos e moluscos e produtos à base de peixe."
,,,4633,,"Comércio por grosso de leite e derivados, ovos, azeite, óleos e gorduras alimentares."
,,,,46331,"Comércio por grosso de leite, seus derivados e ovos."
,,,,46332,"Comércio por grosso de azeite, óleos e gorduras alimentares."
,,,4634,,"Comércio por grosso de bebidas."
,,,,46341,"Comércio por grosso de bebidas alcoólicas."
,,,,46342,"Comércio por grosso de bebidas não alcoólicas."
,,,4635,46350,"Comércio por grosso de tabaco."
,,,4636,,"Comércio por grosso de açúcar, chocolate e produtos de confeitaria."
,,,,46361,"Comércio por grosso de açúcar."
,,,,46362,"Comércio por grosso de chocolate e de produtos de confeitaria."
,,,4637,46370,"Comércio por grosso de café, chá, cacau e especiarias."
,,,4638,46380,"Comércio por grosso de outros produtos alimentares."
,,,4639,46390,"Comércio por grosso não especializado de produtos alimentares, bebidas e tabaco."
,,464,,,"Comércio por grosso de bens de consumo, exceto alimentares, bebidas e tabaco."
,,,4641,46410,"Comércio por grosso de têxteis."
,,,4642,,"Comércio por grosso de vestuário e calçado."
,,,,46421,"Comércio por grosso de vestuário e de acessórios."
,,,,46422,"Comércio por grosso de calçado."
,,,4643,46430,"Comércio por grosso de eletrodomésticos."
,,,4644,,"Comércio por grosso de louças em cerâmica e em vidro e produtos de limpeza."
,,,,46441,"Comércio por grosso de louças em cerâmica e em vidro."
,,,,46442,"Comércio por grosso de produtos de limpeza."
,,,4645,46450,"Comércio por grosso de perfumes e de produtos de higiene."
,,,4646,46460,"Comércio por grosso de produtos farmacêuticos e médicos."
,,,4647,,"Comércio por grosso de mobiliário para uso doméstico, para escritório e comércio, de carpetes, tapetes e artigos de iluminação."
,,,,46471,"Comércio por grosso de mobiliário para uso doméstico, carpetes, tapetes e artigos de iluminação."
,,,,46472,"Comércio por grosso de mobiliário de escritório."
,,,4648,46480,"Comércio por grosso de relógios e de artigos de ourivesaria e joalharia."
,,,4649,,"Outro comércio por grosso de bens de consumo."
,,,,46491,"Comércio por grosso de artigos de papelaria."
,,,,46492,"Comércio por grosso de livros, revistas e jornais."
,,,,46493,"Comércio por grosso de brinquedos, jogos e artigos de desporto."
,,,,46494,"Outro comércio por grosso de bens de consumo, n. e."
,,465,4650,,"Comércio por grosso de equipamento de informação e comunicação."
,,,,46501,"Comércio por grosso de computadores, equipamentos periféricos e programas informáticos."
,,,,46502,"Comércio por grosso de equipamentos eletrónicos, de telecomunicações e suas partes."
,,,,46503,"Comércio por grosso de outras máquinas e material de escritório."
,,466,,,"Comércio por grosso de outras máquinas, equipamentos e suas partes."
,,,4661,46610,"Comércio por grosso de máquinas e equipamentos agrícolas e suas peças e acessórios."
,,,4662,46620,"Comércio por grosso de máquinas-ferramentas"
,,,4663,46630,"Comércio por grosso de máquinas para a indústria extrativa, construção e engenharia civil"
,,,4664,,"Comércio por grosso de outras máquinas e equipamentos."
,,,,46641,"Comércio por grosso de máquinas para a indústria têxtil, máquinas de costura e de tricotar."
,,,,46642,"Comércio por grosso de outras máquinas e equipamentos, n. e."
,,467,,,"Comércio por grosso de veículos automóveis, motociclos, suas partes e acessórios."
,,,4671,,"Comércio por grosso de veículos automóveis."
,,,,46711,"Comércio por grosso de veículos automóveis ligeiros."
,,,,46712,"Comércio por grosso de outros veículos automóveis."
,,,4672,46720,"Comércio por grosso de peças e acessórios para veículos automóveis."
,,,4673,46730,"Comércio por grosso de motociclos, suas partes e acessórios."
,,468,,,"Outro comércio por grosso especializado."
,,,4681,,"Comércio por grosso de combustíveis sólidos, líquidos, gasosos e produtos derivados."
,,,,46811,"Comércio por grosso de produtos petrolíferos."
,,,,46812,"Comércio por grosso de combustíveis sólidos, líquidos e gasosos, não derivados do petróleo."
,,,4682,46820,"Comércio por grosso de minérios e de metais."
,,,4683,,"Comércio por grosso de madeira, de materiais de construção e equipamento sanitário."
,,,,46831,"Comércio por grosso de madeira em bruto e de produtos derivados."
,,,,46832,"Comércio por grosso de materiais de construção (exceto madeira) e equipamento sanitário."
,,,4684,46840,"Comércio por grosso de ferragens, ferramentas manuais e artigos para canalizações e aquecimento."
,,,4685,46850,"Comércio por grosso de produtos químicos."
,,,4686,,"Comércio por grosso de outros bens intermédios."
,,,,46861,"Comércio por grosso de fibras têxteis naturais, artificiais e sintéticas."
,,,,46862,"Comércio por grosso de outros bens intermédios, n. e."
,,,4687,,"Comércio por grosso de desperdícios e sucata."
,,,,46871,"Comércio por grosso de sucatas e de desperdícios metálicos."
,,,,46872,"Comércio por grosso de desperdícios têxteis, de cartão e papéis velhos."
,,,,46873,"Comércio por grosso de desperdícios de materiais, n. e."
,,,4689,46890,"Outro comércio por grosso especializado, n. e."
,,469,4690,46900,"Comércio por grosso não especializado."
,47,,,,"Comércio a retalho."
,,471,,,"Comércio a retalho não especializado."
,,,4711,,"Comércio a retalho não especializado, com predominância de produtos alimentares, bebidas ou tabaco."
,,,,47111,"Comércio a retalho em supermercados e hipermercados."
,,,,47112,"Comércio a retalho em outros estabelecimentos não especializados, com predominância de produtos alimentares, bebidas ou tabaco."
,,,,47113,"Comércio a retalho não especializado, em bancas, feiras e unidades móveis de venda, de produtos alimentares, bebidas e tabaco."
,,,,47114,"Comércio a retalho não especializado, por correspondência ou via Internet, com predominância de produtos alimentares, bebidas e tabaco."
,,,,47115,"Comércio a retalho não especializado, por outros métodos, com predominância de produtos alimentares, bebidas e tabaco."
,,,4712,,"Outro comércio a retalho não especializado."
,,,,47121,"Comércio a retalho não especializado, sem predominância de produtos alimentares, bebidas e tabaco, em grandes armazéns e similares."
,,,,47122,"Comércio a retalho em outros estabelecimentos não especializados, sem predominância de produtos alimentares, bebidas ou tabaco."
,,,,47123,"Comércio a retalho não especializado em bancas, feiras e unidades móveis de venda, de têxteis, vestuário, calçado, malas e similares."
,,,,47124,"Comércio a retalho não especializado, em bancas, feiras e unidades móveis de venda, de outros produtos, sem predominância de produtos alimentares, bebidas e tabaco."
,,,,47125,"Comércio a retalho não especializado, por correspondência ou via Internet, sem predominância de produtos alimentares, bebidas e tabaco."
,,,,47126,"Comércio a retalho não especializado, por outros métodos, sem predominância de produtos alimentares, bebidas e tabaco."
,,472,,,"Comércio a retalho de produtos alimentares, bebidas e tabaco."
,,,4721,47210,"Comércio a retalho de frutas e produtos hortícolas."
,,,4722,47220,"Comércio a retalho de carne e produtos à base de carne."
,,,4723,47230,"Comércio a retalho de peixe, crustáceos e moluscos."
,,,4724,47240,"Comércio a retalho de pão, de produtos de pastelaria e de confeitaria."
,,,4725,47250,"Comércio a retalho de bebidas."
,,,4726,47260,"Comércio a retalho de produtos do tabaco."
,,,4727,,"Comércio a retalho de outros produtos alimentares."
,,,,47271,"Comércio a retalho de leite e de derivados."
,,,,47272,"Comércio a retalho de produtos alimentares, naturais e dietéticos."
,,,,47273,"Outro comércio a retalho de produtos alimentares."
,,473,4730,47300,"Comércio a retalho de combustível para veículos a motor."
,,474,4740,,"Comércio a retalho de equipamento das tecnologias de informação e comunicação (TIC)."
,,,,47401,"Comércio a retalho de computadores, unidades periféricas e programas informáticos."
,,,,47402,"Comércio a retalho de equipamento de telecomunicações."
,,,,47403,"Comércio a retalho de equipamento audiovisual."
,,475,,,"Comércio a retalho de outro equipamento para uso doméstico."
,,,4751,47510,"Comércio a retalho de têxteis."
,,,4752,,"Comércio a retalho de ferragens, materiais de construção, tintas e vidros."
,,,,47521,"Comércio a retalho de ferragens e de vidro plano."
,,,,47522,"Comércio a retalho de tintas, vernizes e produtos similares."
,,,,47523,"Comércio a retalho de material de bricolage, equipamento sanitário, ladrilhos e materiais de construção similares."
,,,4753,47530,"Comércio a retalho de carpetes, tapetes, cortinados e revestimentos para paredes e pavimentos."
,,,4754,47540,"Comércio a retalho de eletrodomésticos."
,,,4755,,"Comércio a retalho de móveis, de artigos de iluminação, louças e de outros artigos para o lar."
,,,,47551,"Comércio a retalho de mobiliário e artigos de iluminação."
,,,,47552,"Comércio a retalho de louças, cutelaria e de outros artigos similares para uso doméstico."
,,,,47553,"Comércio a retalho de outros artigos para o lar, n. e."
,,476,,,"Comércio a retalho de bens culturais e recreativos."
,,,4761,47610,"Comércio a retalho de livros."
,,,4762,,"Comércio a retalho de jornais, revistas e outras publicações periódicas e artigos de papelaria."
,,,,47621,"Comércio a retalho de jornais, revistas e outras publicações periódicas e artigos de papelaria, exceto máquinas e outro material de escritório."
,,,,47622,"Comércio a retalho de máquinas e de outro material de escritório."
,,,4763,47630,"Comércio a retalho de artigos de desporto."
,,,4764,47640,"Comércio a retalho de jogos e brinquedos."
,,,4769,47690,"Comércio a retalho de bens culturais e recreativos, n. e."
,,477,,,"Comércio a retalho de outros produtos, exceto veículos automóveis e motociclos."
,,,4771,,"Comércio a retalho de vestuário."
,,,,47711,"Comércio a retalho de vestuário para adultos."
,,,,47712,"Comércio a retalho de vestuário para bebés e crianças."
,,,4772,,"Comércio a retalho de calçado e artigos de couro."
,,,,47721,"Comércio a retalho de calçado."
,,,,47722,"Comércio a retalho de marroquinaria e artigos de viagem."
,,,4773,47730,"Comércio a retalho de produtos farmacêuticos."
,,,4774,,"Comércio a retalho de produtos médicos e ortopédicos."
,,,,47741,"Comércio a retalho de produtos médicos (exceto material ótico oftálmico) e ortopédicos."
,,,,47742,"Comércio a retalho de material ótico oftálmico."
,,,4775,47750,"Comércio a retalho de produtos cosméticos e de higiene."
,,,4776,,"Comércio a retalho de flores, plantas, fertilizantes, animais de estimação e respetivos alimentos."
,,,,47761,"Comércio a retalho de flores, plantas, sementes e fertilizantes."
,,,,47762,"Comércio a retalho de animais de companhia e respetivos alimentos."
,,,4777,47770,"Comércio a retalho de relógios e de artigos de ourivesaria e joalharia."
,,,4778,,"Comércio a retalho de outros produtos novos."
,,,,47781,"Comércio a retalho de material ótico, exceto oftálmico, fotográfico, cinematográfico e de instrumentos de precisão."
,,,,47782,"Comércio a retalho de combustíveis para uso doméstico."
,,,,47783,"Comércio a retalho de outros produtos novos, n. e."
,,,4779,47790,"Comércio a retalho de artigos em segunda mão."
,,478,,,"Comércio a retalho de veículos automóveis, motociclos, suas partes e acessórios."
,,,4781,,"Comércio a retalho de veículos automóveis."
,,,,47811,"Comércio a retalho de veículos automóveis ligeiros."
,,,,47812,"Comércio a retalho de outros veículos automóveis."
,,,4782,47820,"Comércio a retalho de peças e acessórios para veículos automóveis."
,,,4783,47830,"Comércio a retalho de motociclos, suas partes e acessórios."
,,479,,,"Atividades de serviços de intermediação no comércio a retalho."
,,,4791,47910,"Atividades de serviços de intermediação no comércio a retalho não especializado."
,,,4792,47920,"Atividades de serviços de intermediação no comércio a retalho especializado."
"H",,,,,"Transportes e armazenagem."
,49,,,,"Transportes terrestres e transportes por oleodutos ou gasodutos."
,,491,,,"Transporte ferroviário de passageiros."
,,,4911,49110,"Transporte de passageiros por ferrovia pesada."
,,,4912,49120,"Outro transporte ferroviário de passageiros."
,,492,4920,49200,"Transporte ferroviário de mercadorias."
,,493,,,"Outros transportes terrestres de passageiros."
,,,4931,,"Transporte rodoviário regular de passageiros."
,,,,49311,"Transporte rodoviário regular, urbano e suburbano de passageiros."
,,,,49312,"Transporte regular interurbano em autocarros."
,,,4932,49320,"Transporte rodoviário não regular de passageiros."
,,,4933,49330,"Atividades de serviços de transporte de passageiros, a pedido, em veículo com condutor."
,,,4934,49340,"Transporte de passageiros por instalações por cabo (teleféricos, telesquis e outras)."
,,,4939,49390,"Outros transportes terrestres de passageiros, n. e."
,,494,,,"Transportes rodoviários de mercadorias e serviços de mudanças."
,,,4941,49410,"Transportes rodoviários de mercadorias."
,,,4942,49420,"Serviços de mudanças."
,,495,4950,49500,"Transportes por oleodutos ou gasodutos."
,50,,,,"Transportes por água."
,,501,5010,,"Transportes marítimos de passageiros."
,,,,50101,"Transportes marítimos não costeiros de passageiros."
,,,,50102,"Transportes costeiros e locais de passageiros, para fins não turísticos."
,,,,50103,"Transportes costeiros e locais de passageiros, para fins turísticos."
,,502,5020,50200,"Transportes marítimos de mercadorias."
,,503,5030,,"Transportes de passageiros por vias navegáveis interiores."
,,,,50301,"Transportes de passageiros por vias navegáveis interiores, para fins não turísticos."
,,,,50302,"Transportes de passageiros por vias navegáveis interiores, para fins turísticos."
,,504,5040,50400,"Transportes de mercadorias por vias navegáveis interiores."
,51,,,,"Transportes aéreos."
,,511,5110,51100,"Transportes aéreos de passageiros."
,,512,,,"Transportes aéreos de mercadorias e transportes espaciais."
,,,5121,51210,"Transportes aéreos de mercadorias."
,,,5122,51220,"Transportes espaciais."
,52,,,,"Armazenagem e atividades auxiliares dos transportes."
,,521,5210,,"Armazenagem."
,,,,52101,"Armazenagem frigorífica."
,,,,52102,"Armazenagem não frigorífica."
,,522,,,"Atividades auxiliares dos transportes."
,,,5221,,"Atividades auxiliares dos transportes terrestres."
,,,,52211,"Gestão de infraestruturas dos transportes terrestres."
,,,,52212,"Assistência a veículos na estrada."
,,,,52213,"Outras atividades auxiliares dos transportes terrestres."
,,,5222,52220,"Atividades auxiliares dos transportes por água."
,,,5223,52230,"Atividades auxiliares dos transportes aéreos."
,,,5224,52240,"Manuseamento de carga."
,,,5225,52250,"Atividades dos serviços de logística."
,,,5226,,"Outras atividades de apoio ao transporte."
,,,,52261,"Agentes aduaneiros e similares de apoio ao transporte."
,,,,52262,"Outras atividades de apoio ao transporte, n. e."
,,523,,,"Atividades de serviços de intermediação dos transportes."
,,,5231,52310,"Atividades de serviços de intermediação dos transportes de mercadorias."
,,,5232,52320,"Atividades de serviços de intermediação dos transportes de passageiros."
,53,,,,"Atividades postais e de correios."
,,531,5310,53100,"Atividades postais sujeitas a obrigações de serviço universal."
,,532,5320,,"Outras atividades postais e de correios."
,,,,53201,"Outras atividades postais e de correios, exceto entregas ao domicílio sem tratamento ou triagem."
,,,,53202,"Atividades de serviços de entrega ao domicílio sem tratamento ou triagem."
,,533,5330,53300,"Atividades de serviços de intermediação de atividades postais e de correios."
"I",,,,,"Atividades de alojamento e restauração."
,55,,,,"Alojamento."
,,551,5510,,"Estabelecimentos hoteleiros."
,,,,55101,"Hotéis, exceto hotéis rurais."
,,,,55102,"Hotéis-apartamentos."
,,,,55103,"Pousadas."
,,,,55104,"Aldeamentos turísticos."
,,,,55105,"Apartamentos turísticos"
,,,,55106,"Hotéis rurais."
,,,,55107,"Outros estabelecimentos hoteleiros."
,,552,5520,,"Alojamentos de férias e outros alojamentos de curta duração."
,,,,55201,"Alojamento mobilado para turistas."
,,,,55202,"Alojamento em estabelecimentos de turismo no espaço rural, exceto hotéis rurais."
,,,,55203,"Alojamento em estabelecimentos de turismo de habitação."
,,,,55204,"Estabelecimentos de hospedagem, exceto hostels."
,,,,55205,"Hostels."
,,,,55206,"Colónias e campos de férias."
,,,,55207,"Outros locais de alojamento de curta duração."
,,553,5530,55300,"Parques de campismo e de caravanismo."
,,554,5540,55400,"Atividades de serviços de intermediação de alojamento."
,,559,5590,55900,"Outros locais de alojamento."
,56,,,,"Restauração."
,,561,,,"Restaurantes, incluindo alimentação em meios móveis."
,,,5611,,"Atividades de restauração."
,,,,56111,"Restaurantes tipo tradicional."
,,,,56112,"Restaurantes com lugares ao balcão."
,,,,56113,"Restaurantes sem serviço de mesa."
,,,,56114,"Restaurantes típicos."
,,,,56115,"Restaurantes com espaço de dança."
,,,,56116,"Confeção de refeições prontas a levar para casa."
,,,,56117,"Restaurantes, n. e."
,,,5612,56120,"Atividades de serviços de alimentação em meios móveis."
,,562,,,"Fornecimento de refeições para eventos, atividades de serviços de fornecimento de refeições por contrato e outras atividades de serviços de alimentação."
,,,5621,56210,"Fornecimento de refeições para eventos."
,,,5622,56220,"Atividades de serviço de fornecimento de refeições por contrato e outras atividades de serviço de alimentação."
,,563,5630,,"Atividades de estabelecimentos de bebidas."
,,,,56301,"Cafés."
,,,,56302,"Bares."
,,,,56303,"Pastelarias e casas de chá."
,,,,56304,"Outros estabelecimentos de bebidas sem espetáculo, exceto itinerantes."
,,,,56305,"Estabelecimentos de bebidas com espaço de dança."
,,,,56306,"Estabelecimentos de bebidas itinerantes."
,,564,5640,56400,"Atividades de serviços de intermediação relativas a atividades de serviços de restauração."
"J",,,,,"Atividades de edição, difusão e produção e distribuição de conteúdos."
,58,,,,"Atividades de edição."
,,581,,,"Edição de livros, jornais e de outras publicações, exceto edição de programas informáticos."
,,,5811,58110,"Edição de livros."
,,,5812,58120,"Edição de jornais."
,,,5813,58130,"Edição de revistas e de outras publicações periódicas."
,,,5819,58190,"Outras atividades de edição, exceto edição de programas informáticos."
,,582,,,"Edição de programas informáticos."
,,,5821,58210,"Edição de jogos de vídeo."
,,,5829,58290,"Edição de outros programas informáticos."
,59,,,,"Atividades de produção de filmes, de vídeos e de programas de televisão, de gravação de som e de edição de música."
,,591,,,"Atividades cinematográficas, de vídeos e de programas de televisão."
,,,5911,59110,"Atividades de produção de filmes, de vídeos e de programas de televisão."
,,,5912,59120,"Atividades de pós-produção de filmes, de vídeos e de programas de televisão."
,,,5913,59130,"Atividades de distribuição de filmes e de vídeos."
,,,5914,59140,"Atividades de projeção de filmes."
,,592,5920,59200,"Atividades de gravação de som e edição de música."
,60,,,,"Atividades de programação, difusão de rádio e de televisão, de agências de notícias e outras atividades de distribuição de conteúdos."
,,601,6010,60100,"Atividades de radiodifusão e de distribuição de áudio."
,,602,6020,60200,"Atividades de programação e difusão de televisão e de distribuição de vídeo."
,,603,,,"Atividades das agências de notícias e outras atividades de distribuição de conteúdos."
,,,6031,60310,"Atividades das agências de notícias."
,,,6039,60390,"Outras atividades de distribuição de conteúdos."
"K",,,,,"Telecomunicações, programação informática, consultoria, infraestruturas de computação e outras atividades dos serviços de informação."
,61,,,,"Telecomunicações."
,,611,6110,,"Atividades de telecomunicações por fios, sem fios e por satélites."
,,,,61101,"Atividades de telecomunicações por cabo."
,,,,61102,"Atividades de telecomunicações sem fios."
,,,,61103,"Atividades de telecomunicações por satélite."
,,612,6120,61200,"Atividades de revenda de telecomunicações e atividades de serviços de intermediação no domínio das telecomunicações."
,,619,6190,61900,"Outras atividades de telecomunicações."
,62,,,,"Consultoria, programação informática e atividades relacionadas."
,,621,6210,62100,"Atividades de programação informática."
,,622,6220,,"Atividades de consultoria informática e de gestão de instalações informáticas."
,,,,62201,"Atividades de consultoria em informática."
,,,,62202,"Gestão e exploração de instalações informáticas."
,,629,6290,62900,"Outras atividades de serviços relacionados com as tecnologias da informação e informática."
,63,,,,"Infraestruturas de computação, atividades de processamento de dados, domiciliação de informação e outras atividades dos serviços de informação."
,,631,6310,63100,"Infraestruturas de computação, atividades de processamento de dados, domiciliação de informação e atividades relacionadas."
,,639,,,"Atividades de portais de pesquisa web e outras atividades dos serviços de informação."
,,,6391,63910,"Atividades de portais de pesquisa web."
,,,6392,63920,"Outras atividades de serviços de informação."
"L",,,,,"Atividades financeiras e de seguros."
,64,,,,"Atividades de serviços financeiros, exceto seguros e fundos de pensões."
,,641,,,"Intermediação monetária."
,,,6411,64110,"Banco central."
,,,6419,64190,"Outra intermediação monetária."
,,642,,,"Atividades das sociedades gestoras de participações sociais e canais de financiamento (financing conduits)."
,,,6421,,"Atividades das sociedades gestoras de participações sociais."
,,,,64211,"Atividades das sociedades gestoras de participações sociais financeiras."
,,,,64212,"Atividades das sociedades gestoras de participações sociais não financeiras."
,,,6422,64220,"Atividades de canais de financiamento (financing conduits)."
,,643,,,"Atividades de trusts, fundos e entidades financeiras semelhantes."
,,,6431,64310,"Atividades dos fundos de investimento do mercado monetário e do mercado não monetário."
,,,6432,64320,"Atividades de trusts, patrimónios e contas fiduciárias (estate and agency accounts)."
,,649,,,"Outras atividades de serviços financeiros, exceto seguros e fundos de pensões."
,,,6491,64910,"Locação financeira."
,,,6492,,"Outras atividades de crédito."
,,,,64921,"Atividades das instituições financeiras de crédito."
,,,,64922,"Atividades das sociedades financeiras para aquisições a crédito."
,,,,64923,"Atividades de factoring."
,,,,64924,"Outras atividades de crédito, n. e., exceto factoring."
,,,6499,64990,"Outras atividades de serviços financeiros, n. e., exceto seguros e fundos de pensões."
,65,,,,"Seguros, resseguros e fundos de pensões, exceto segurança social obrigatória."
,,651,,,"Seguros."
,,,6511,,"Seguros de vida."
,,,,65111,"Seguros de vida, exceto outras atividades complementares de segurança social."
,,,,65112,"Outras atividades complementares de segurança social."
,,,6512,65120,"Seguros não vida."
,,652,6520,65200,"Resseguros."
,,653,6530,65300,"Fundos de pensões."
,66,,,,"Atividades auxiliares de serviços financeiros e das atividades dos seguros."
,,661,,,"Atividades auxiliares de serviços financeiros, exceto seguros e fundos de pensões."
,,,6611,66110,"Administração de mercados financeiros."
,,,6612,66120,"Atividades de negociação por conta de terceiros em valores mobiliários e outros instrumentos financeiros."
,,,6619,66190,"Outras atividades auxiliares de serviços financeiros, exceto seguros e fundos de pensões."
,,662,,,"Atividades auxiliares de seguros e de fundos de pensões."
,,,6621,66210,"Avaliação de riscos e danos."
,,,6622,66220,"Atividades de mediadores de seguros."
,,,6629,66290,"Atividades auxiliares de seguros e fundos de pensões, n. e."
,,663,6630,66300,"Atividades de gestão de fundos."
"M",,,,,"Atividades imobiliárias."
,68,,,,"Atividades imobiliárias."
,,681,,,"Atividades imobiliárias com bens imobiliários próprios e desenvolvimento de projetos de edifícios."
,,,6811,68110,"Compra e venda de bens imobiliários."
,,,6812,68120,"Desenvolvimento de projetos de edifícios."
,,682,6820,68200,"Arrendamento e exploração de bens imobiliários próprios ou em locação."
,,683,,,"Atividades imobiliárias por conta de outrem."
,,,6831,68310,"Atividades de serviços de intermediação de atividades imobiliárias."
,,,6832,,"Outras atividades imobiliárias por conta de outrem."
,,,,68321,"Administração de imóveis por conta de outrem."
,,,,68322,"Administração de condomínios."
,,,,68323,"Atividades de angariação imobiliária."
,,,,68324,"Atividades de avaliação imobiliária."
"N",,,,,"Atividades de consultoria, científicas, técnicas e similares."
,69,,,,"Atividades jurídicas e de contabilidade."
,,691,6910,,"Atividades jurídicas."
,,,,69101,"Atividades jurídicas, exceto dos cartórios notariais."
,,,,69102,"Atividades dos cartórios notariais."
,,692,6920,,"Atividades de contabilidade e auditoria; consultoria fiscal."
,,,,69201,"Atividades de contabilidade e consultoria fiscal."
,,,,69202,"Atividades de auditoria e revisão de contas."
,70,,,,"Atividades das sedes sociais e de consultoria para a gestão."
,,701,7010,70100,"Atividades das sedes sociais."
,,702,7020,70200,"Atividades de consultoria para os negócios e outra consultoria para a gestão."
,71,,,,"Atividades de arquitetura e de engenharia; atividades de ensaios e de análises técnicas."
,,711,,,"Atividades de arquitetura, de engenharia e técnicas afins."
,,,7111,71110,"Atividades de arquitetura."
,,,7112,71120,"Atividades de engenharia e técnicas afins."
,,712,7120,71200,"Atividades de ensaios e análises técnicas."
,72,,,,"Investigação científica e desenvolvimento."
,,721,7210,,"Investigação e desenvolvimento das ciências físicas e naturais."
,,,,72101,"Investigação e desenvolvimento em biotecnologia."
,,,,72102,"Outra investigação e desenvolvimento das ciências físicas e naturais."
,,722,7220,72200,"Investigação e desenvolvimento das ciências sociais e humanas."
,73,,,,"Atividades de publicidade, estudos de mercado e relações públicas"
,,731,,,"Publicidade."
,,,7311,73110,"Atividades das agências de publicidade."
,,,7312,73120,"Atividades de representação nos meios de comunicação."
,,732,7320,73200,"Estudos de mercado e sondagens de opinião."
,,733,7330,73300,"Atividades de relações públicas e comunicação."
,74,,,,"Outras atividades de consultoria, científicas, técnicas e similares."
,,741,,,"Atividades especializadas de design."
,,,7411,74110,"Atividades de design de produtos industriais e de moda."
,,,7412,74120,"Atividades de design gráfico e de comunicação visual."
,,,7413,74130,"Atividades de design de interiores."
,,,7414,74140,"Outras atividades especializadas de design."
,,742,7420,74200,"Atividades fotográficas."
,,743,7430,74300,"Atividades de tradução e interpretação."
,,749,,,"Outras atividades de consultoria, científicas, técnicas e similares, n. e."
,,,7491,74910,"Atividades de serviços de comercialização e corretagem de patentes."
,,,7499,,"Todas as outras atividades de consultoria, científicas, técnicas e similares, n. e."
,,,,74991,"Atividades de agentes de profissionais desportivos."
,,,,74992,"Outras atividades de consultoria, científicas, técnicas e similares, diversas, n. e., exceto agentes de profissionais desportivos."
,75,750,7500,75000,"Atividades veterinárias."
"O",,,,,"Atividades administrativas e dos serviços de apoio."
,77,,,,"Atividades de aluguer."
,,771,,,"Aluguer de veículos automóveis."
,,,7711,,"Aluguer de veículos automóveis ligeiros."
,,,,77111,"Aluguer de veículos automóveis ligeiros de curto prazo."
,,,,77112,"Aluguer operacional de veículos automóveis ligeiros."
,,,7712,77120,"Aluguer de veículos automóveis pesados."
,,772,,,"Aluguer de bens de uso pessoal e doméstico."
,,,7721,,"Aluguer de bens recreativos e desportivos."
,,,,77211,"Aluguer de bicicletas e similares."
,,,,77212,"Aluguer de outros bens recreativos e desportivos."
,,,7722,77220,"Aluguer de outros bens de uso pessoal e doméstico."
,,773,,,"Aluguer de outras máquinas, equipamentos e bens tangíveis."
,,,7731,77310,"Aluguer de máquinas e equipamentos agrícolas."
,,,7732,77320,"Aluguer de máquinas e equipamentos para a construção e engenharia civil."
,,,7733,77330,"Aluguer de máquinas e equipamentos de escritório e de computadores."
,,,7734,77340,"Aluguer de meios de transporte marítimo e fluvial."
,,,7735,77350,"Aluguer de meios de transporte aéreo."
,,,7739,77390,"Aluguer de outras máquinas, equipamentos e bens tangíveis, n. e."
,,774,7740,77400,"Locação de propriedade intelectual e produtos semelhantes, excetuando obras protegidas por direitos de autor."
,,775,,,"Atividades de serviços de intermediação de aluguer e locação de bens corpóreos e ativos incorpóreos não financeiros."
,,,7751,77510,"Atividades de serviços de intermediação de aluguer e locação de automóveis, autocaravanas e reboques."
,,,7752,77520,"Atividades de serviços de intermediação de aluguer e locação de outros bens corpóreos e ativos incorpóreos não financeiros."
,78,,,,"Atividades de emprego."
,,781,7810,78100,"Atividades das empresas de seleção e colocação de pessoal."
,,782,7820,,"Atividades das empresas de trabalho temporário e outro fornecimento de recursos humanos."
,,,,78201,"Atividades das empresas de trabalho temporário."
,,,,78202,"Outro fornecimento de recursos humanos."
,79,,,,"Atividades das agências de viagens, dos operadores turísticos e outras atividades dos serviços de reservas e atividades relacionadas."
,,791,,,"Atividades das agências de viagens e dos operadores turísticos."
,,,7911,79110,"Atividades das agências de viagens."
,,,7912,79120,"Atividades dos operadores turísticos."
,,799,7990,79900,"Outros serviços de reservas e atividades relacionadas."
,80,800,,,"Atividades de investigação e de segurança."
,,,8001,,"Atividades de investigação e de segurança privada."
,,,,80011,"Atividades de segurança privada."
,,,,80012,"Atividades de investigação, exceto científica."
,,,8009,80090,"Atividades de segurança, n. e."
,81,,,,"Atividades dos serviços relacionados com edifícios e plantação e manutenção de jardins."
,,811,8110,81100,"Atividades combinadas de apoio aos edifícios."
,,812,,,"Atividades de limpeza."
,,,8121,81210,"Limpeza geral de edifícios."
,,,8122,81220,"Outras atividades de limpeza de edifícios e em equipamentos industriais."
,,,8123,,"Outras atividades de limpeza."
,,,,81231,"Atividades de desinfeção, desratização e similares."
,,,,81232,"Outras atividades de limpeza, n. e."
,,813,8130,81300,"Atividades dos serviços de plantação e manutenção de jardins."
,82,,,,"Atividades de serviços administrativos e de apoio aos negócios."
,,821,8210,82100,"Atividades de serviços administrativos e de apoio."
,,822,8220,82200,"Atividades dos centros de chamadas."
,,823,8230,82300,"Organização de feiras, congressos e similares."
,,824,8240,82400,"Atividades de serviços de intermediação de atividades de serviços de apoio aos negócios, n. e."
,,829,,,"Atividades de serviços de apoio aos negócios, n. e."
,,,8291,82910,"Atividades das agências de cobranças e de avaliação do risco de crédito."
,,,8292,,"Atividades de embalagem."
,,,,82921,"Engarrafamento de gases."
,,,,82922,"Outras atividades de embalagem."
,,,8299,82990,"Outras atividades de serviços de apoio aos negócios, n. e."
"P",,,,,"Administração Pública e defesa; segurança social obrigatória."
,84,,,,"Administração Pública e defesa; segurança social obrigatória."
,,841,,,"Administração Pública geral, económica, social e do ambiente."
,,,8411,,"Atividades de administração pública geral."
,,,,84111,"Administração central."
,,,,84112,"Administração Regional Autónoma."
,,,,84113,"Administração local."
,,,,84114,"Atividades de apoio à Administração Pública."
,,,8412,,"Administração Pública - atividades de saúde, educação, cultura e outros serviços sociais."
,,,,84121,"Administração Pública - atividades de saúde."
,,,,84122,"Administração Pública - atividades de educação."
,,,,84123,"Administração Pública - atividades do ambiente."
,,,,84124,"Administração Pública - atividades da cultura, desporto, recreativas, habitação e de outras atividades sociais, exceto segurança social obrigatória e ambiente."
,,,8413,84130,"Regulação e promoção da eficiência da atividade económica."
,,842,,,"Prestação de serviços à comunidade em geral - negócios estrangeiros, defesa, justiça, segurança, ordem pública e proteção civil."
,,,8421,84210,"Negócios estrangeiros."
,,,8422,84220,"Atividades de defesa."
,,,8423,84230,"Atividades de justiça."
,,,8424,84240,"Atividades de segurança e ordem pública."
,,,8425,84250,"Atividades de proteção civil."
,,843,8430,84300,"Atividades de segurança social obrigatória."
"Q",,,,,"Educação."
,85,,,,"Educação."
,,851,8510,85100,"Ensino pré-escolar."
,,852,8520,,"Ensino básico (1.º e 2.º ciclos)."
,,,,85201,"Ensino básico (1.º ciclo)."
,,,,85202,"Ensino básico (2.º ciclo)."
,,853,,,"Ensino básico (3.º ciclo) e secundário e pós-secundário não superior."
,,,8531,85310,"Ensino básico (3.º ciclo) e secundário geral."
,,,8532,85320,"Ensino secundário profissional."
,,,8533,85330,"Ensino pós-secundário não superior."
,,854,8540,85400,"Ensino superior."
,,855,,,"Outras atividades educativas."
,,,8551,85510,"Ensino desportivo e recreativo."
,,,8552,85520,"Ensino de atividades culturais."
,,,8553,85530,"Escolas de condução e pilotagem."
,,,8559,,"Outras atividades educativas, n. e."
,,,,85591,"Formação profissional."
,,,,85592,"Escolas de línguas."
,,,,85593,"Outras atividades educativas, diversas, n. e."
,,856,,,"Atividades de apoio ao ensino."
,,,8561,85610,"Atividades de serviços de intermediação de cursos e tutores."
,,,8569,85690,"Atividades de apoio ao ensino, n. e."
"R",,,,,"Atividades de saúde humana e ação social."
,86,,,,"Atividades de saúde humana."
,,861,8610,86100,"Atividades dos estabelecimentos de saúde com internamento."
,,862,,,"Atividades de prática clínica em ambulatório e de medicina dentária e odontologia."
,,,8621,86210,"Atividades de prática clínica geral."
,,,8622,86220,"Atividades médicas especializadas."
,,,8623,86230,"Atividades de medicina dentária e odontologia."
,,869,,,"Outras atividades de saúde humana."
,,,8691,,"Atividades dos serviços de diagnóstico por imagem e dos laboratórios de análises clínicas."
,,,,86911,"Atividades dos serviços dos laboratórios de análises clínicas."
,,,,86912,"Atividades dos serviços de diagnóstico por imagem."
,,,8692,86920,"Transporte de doentes em ambulância."
,,,8693,86930,"Atividades de psicólogos e psicoterapeutas, exceto médicos."
,,,8694,86940,"Atividades de enfermagem e de parteiras."
,,,8695,86950,"Atividades de fisioterapia."
,,,8696,,"Atividades de medicina tradicional, complementar e alternativa."
,,,,86961,"Atividades de terapêuticas não convencionais."
,,,,86962,"Outras atividades de medicina tradicional, complementar e alternativa, exceto terapêuticas não convencionais."
,,,8697,86970,"Atividades de serviços de intermediação de serviços médicos, odontológicos e outros serviços de saúde humana."
,,,8699,,"Outras atividades de saúde humana n. e."
,,,,86991,"Centros de recolha e bancos de órgãos."
,,,,86992,"Atividades termais."
,,,,86993,"Outras atividades de saúde humana, diversas, n. e."
,87,,,,"Atividades de apoio social em estruturas residenciais."
,,871,8710,87100,"Atividades de cuidados de enfermagem em estruturas residenciais."
,,872,8720,87200,"Atividades de apoio social em estruturas residenciais para pessoas com doenças do foro mental ou do abuso de drogas."
,,873,8730,,"Atividades de apoio social em estruturas residenciais para pessoas idosas ou com incapacidade física."
,,,,87301,"Atividades de apoio social em estruturas residenciais para pessoas idosas."
,,,,87302,"Atividades de apoio social em estruturas residenciais para pessoas com incapacidade física."
,,879,,,"Outras atividades de apoio social em estruturas residenciais."
,,,8791,87910,"Atividades dos serviços de intermediação de atividades de apoio social em estruturas residenciais."
,,,8799,,"Outras atividades de apoio social em estruturas residenciais, n. e."
,,,,87991,"Atividades de apoio social em estruturas residenciais para crianças e jovens."
,,,,87992,"Outras atividades de apoio social em estruturas residenciais, diversas, n. e."
,88,,,,"Atividades de ação social sem alojamento."
,,881,8810,,"Atividades de ação social sem alojamento para pessoas idosas ou pessoas com incapacidades."
,,,,88101,"Atividades de ação social para pessoas idosas, sem alojamento."
,,,,88102,"Atividades de ação social para pessoas com incapacidades, sem alojamento."
,,889,,,"Outras atividades de ação social sem alojamento."
,,,8891,88910,"Atividades de cuidados diurnos para crianças, sem alojamento."
,,,8899,88990,"Outras atividades de ação social sem alojamento, n. e."
"S",,,,,"Atividades artísticas, desportivas e recreativas."
,90,,,,"Atividades de criação artística e das artes do espetáculo."
,,901,,,"Atividades de criação artística."
,,,9011,90110,"Atividades de criação literária e de composição musical."
,,,9012,90120,"Atividades de criação de artes visuais."
,,,9013,90130,"Outras atividades de criação artística."
,,902,9020,90200,"Atividades das artes do espetáculo."
,,903,,,"Atividades de apoio à criação artística e às artes do espetáculo."
,,,9031,90310,"Exploração de salas e locais de espetáculos."
,,,9039,90390,"Outras atividades de apoio à criação artística e às artes do espetáculo."
,91,,,,"Atividades de bibliotecas, arquivos, museus e outras atividades culturais."
,,911,,,"Atividades de bibliotecas e arquivos."
,,,9111,91110,"Atividades das bibliotecas."
,,,9112,91120,"Atividades dos arquivos."
,,912,,,"Atividades de museus, coleções, sítios e monumentos históricos."
,,,9121,91210,"Atividades de museus e coleções."
,,,9122,91220,"Atividades dos sítios e monumentos históricos."
,,913,9130,91300,"Atividades de conservação, restauro e outras atividades de apoio ao património cultural."
,,914,,,"Atividades dos jardins botânicos e zoológicos e das reservas naturais."
,,,9141,91410,"Atividades dos jardins botânicos e zoológicos."
,,,9142,91420,"Atividades das reservas naturais."
,92,920,9200,,"Lotarias e outros jogos de apostas."
,,,,92001,"Organização e exploração de lotarias e outros jogos de aposta."
,,,,92002,"Atividades dos mediadores dos Jogos Sociais do Estado."
,93,,,,"Atividades desportivas, de diversão e recreativas."
,,931,,,"Atividades desportivas."
,,,9311,93110,"Gestão de instalações desportivas."
,,,9312,93120,"Atividades dos clubes desportivos."
,,,9313,93130,"Atividades dos centros de manutenção física."
,,,9319,,"Atividades desportivas, n. e."
,,,,93191,"Organismos reguladores das atividades desportivas."
,,,,93192,"Outras atividades desportivas, n. e."
,,932,,,"Atividades de diversão e recreativas."
,,,9321,,"Atividades dos parques de diversão e temáticos."
,,,,93211,"Atividades de parques de diversão itinerantes."
,,,,93212,"Atividades dos parques de diversão e temáticos fixos."
,,,9329,,"Atividades de diversão e recreativas, n. e."
,,,,93291,"Atividades tauromáquicas."
,,,,93292,"Atividades dos portos de recreio (marinas)."
,,,,93293,"Organização de atividades de animação turística."
,,,,93294,"Outras atividades de diversão fixas e outras atividades recreativas."
,,,,93295,"Outras atividades de diversão itinerantes."
"T",,,,,"Outras atividades de serviços."
,94,,,,"Atividades das organizações associativas."
,,941,,,"Atividades de organizações económicas, patronais e profissionais."
,,,9411,94110,"Atividades de organizações económicas e patronais."
,,,9412,94120,"Atividades de organizações profissionais."
,,942,9420,94200,"Atividades de organizações sindicais."
,,949,,,"Outras atividades de organizações associativas."
,,,9491,94910,"Atividades de organizações religiosas."
,,,9492,94920,"Atividades de organizações políticas."
,,,9499,,"Atividades de outras organizações associativas, n. e."
,,,,94991,"Associações culturais e recreativas."
,,,,94992,"Associações de defesa do ambiente."
,,,,94993,"Associações de juventude e de estudantes."
,,,,94994,"Associações de pais e encarregados de educação."
,,,,94995,"Outras atividades associativas, n. e."
,95,,,,"Reparação e manutenção de computadores, bens de uso pessoal e doméstico, veículos automóveis e motociclos."
,,951,9510,,"Reparação e manutenção de computadores e de equipamento de comunicação."
,,,,95101,"Reparação e manutenção de computadores e de equipamento periférico."
,,,,95102,"Reparação e manutenção de equipamento de comunicação."
,,952,,,"Reparação e manutenção de bens de uso pessoal e doméstico."
,,,9521,95210,"Reparação e manutenção de televisores e outros produtos similares de eletrónica de consumo."
,,,9522,95220,"Reparação e manutenção de eletrodomésticos e de outros equipamentos de uso doméstico e para jardim."
,,,9523,95230,"Reparação e manutenção de calçado e de artigos de couro."
,,,9524,95240,"Reparação e manutenção de mobiliário e similares, de uso doméstico."
,,,9525,95250,"Reparação e manutenção de relógios e de artigos de joalharia."
,,,9529,95290,"Reparação e manutenção de bens de uso pessoal e doméstico, n. e."
,,953,,,"Reparação e manutenção de veículos automóveis e motociclos."
,,,9531,95310,"Reparação e manutenção de veículos automóveis."
,,,9532,95320,"Reparação e manutenção de motociclos."
,,954,9540,95400,"Atividades de serviços de intermediação de reparação e manutenção de computadores, bens de uso pessoal e doméstico, e veículos automóveis e motociclos."
,96,,,,"Atividades de serviços pessoais."
,,961,9610,96100,"Lavagem e limpeza de têxteis e peles."
,,962,,,"Atividades de salões de cabeleireiro, institutos de beleza, centros de bem-estar e atividades semelhantes."
,,,9621,96210,"Atividades de salões de cabeleireiro e barbeiros."
,,,9622,96220,"Atividades de cuidados de beleza e outras atividades de tratamentos de beleza."
,,,9623,96230,"Atividades de centros de bem-estar, saunas e banhos de vapor."
,,963,9630,96300,"Atividades funerárias e conexas."
,,964,9640,96400,"Atividades de serviços de intermediação dos serviços pessoais."
,,969,,,"Outras atividades de serviços pessoais."
,,,9691,96910,"Atividades de prestação de serviços pessoais domésticos."
,,,9699,,"Outras atividades de serviços pessoais, n. e."
,,,,96991,"Atividades de tatuagem e similares."
,,,,96992,"Atividades dos serviços para animais de companhia."
,,,,96993,"Outras atividades de serviços pessoais diversas, n. e."
"U",,,,,"Atividades das famílias empregadoras de pessoal doméstico e atividades de produção de bens e serviços pelas famílias para uso próprio."
,97,970,9700,97000,"Atividades das famílias empregadoras de pessoal doméstico."
,98,,,,"Atividades de produção de bens e serviços pelas famílias para uso próprio."
,,981,9810,98100,"Atividades de produção de bens pelas famílias para uso próprio."
,,982,9820,98200,"Atividades de produção de serviços pelas famílias para uso próprio."
"V",,,,,"Atividades dos organismos internacionais e outras instituições extraterritoriais."
,99,990,9900,99000,"Atividades dos organismos internacionais e outras instituições extraterritoriais."
